condition,payer,payee,trial,amount_sat,started_utc,ended_utc,local_cli_elapsed_ms,htlc_elapsed_ms,status,fee_msat,attempts,hops,payment_hash,invoice_settled
chain-running,b,c,1,10000,2026-09-07T23:43:43.615102+00:00,2026-09-07T23:43:43.979842+00:00,364.705433,278.764184,SUCCEEDED,0,1,1,a13a9332a2128cc4bd7aa1a7ecaea43e5df0634c5423f13ec9bc86298e7fb538,True
chain-running,b,c,2,10000,2026-09-07T23:43:48.634429+00:00,2026-09-07T23:43:49.088217+00:00,453.754936,384.981291,SUCCEEDED,0,1,1,fe7d247642a39c305862c7b89bb69882ebc406a05fbd339562f4372dc2e15560,True
chain-running,b,c,3,10000,2026-09-07T23:43:50.992711+00:00,2026-09-07T23:43:51.338782+00:00,346.035419,258.027747,SUCCEEDED,0,1,1,2a765154940f9da8125a3917171d212a42612c5d1701af065158003620efea8b,True
chain-running,b,c,4,10000,2026-09-07T23:43:53.160390+00:00,2026-09-07T23:43:53.504621+00:00,344.196509,268.2808,SUCCEEDED,0,1,1,cf9b6301f6ee7d11fd38ab246b8141aeed0fe09705e3fdcf2bb4b1f5087e41ae,True
chain-running,b,c,5,10000,2026-09-07T23:43:55.602719+00:00,2026-09-07T23:43:55.955990+00:00,353.236819,281.440839,SUCCEEDED,0,1,1,f3d680938a1a9c8055464db70ca343c839f4d441275e218c044b794a66f266db,True
chain-running,b,c,6,10000,2026-09-07T23:44:00.384626+00:00,2026-09-07T23:44:00.829176+00:00,444.4782,371.809495,SUCCEEDED,0,1,1,061d3fd0bc621ac903d32c290b853f83647bc60c20775fdca8d529a369dea550,True
chain-running,b,c,7,10000,2026-09-07T23:44:02.857252+00:00,2026-09-07T23:44:03.197376+00:00,340.088669,276.201497,SUCCEEDED,0,1,1,31fec6b1ae49bb7aa080ecfbe2bfdc9f1ac2b60d1c9df6a47984c7c060ae51dd,True
chain-running,b,c,8,10000,2026-09-07T23:44:05.193924+00:00,2026-09-07T23:44:05.570329+00:00,376.370336,303.910243,SUCCEEDED,0,1,1,3ee7b89993759f6a9c9295d7d3d4df3268d2bfa0613c4bda55d6ccfa8dcacaa2,True
chain-running,b,c,9,10000,2026-09-07T23:44:10.681710+00:00,2026-09-07T23:44:11.208012+00:00,526.267454,453.180268,SUCCEEDED,0,1,1,3d00294199575ca8987458dd1935b3e5f767192e49abc52f9d7ca4095e97290f,True
chain-running,b,c,10,10000,2026-09-07T23:44:13.878152+00:00,2026-09-07T23:44:14.217506+00:00,339.319502,261.918939,SUCCEEDED,0,1,1,87991cfb77fa6f2b54128535d6fd3b3f30dd553556ee38343f3a59ebc05dbd0f,True
chain-running,b,c,11,10000,2026-09-07T23:44:18.892900+00:00,2026-09-07T23:44:19.192101+00:00,299.167125,226.909774,SUCCEEDED,0,1,1,b7b248e14841e2e98081c677776f1c562f5bb99f0bf7a309e7ce750d99cd259f,True
chain-running,b,c,12,10000,2026-09-07T23:44:20.687526+00:00,2026-09-07T23:44:20.996541+00:00,308.980584,231.124299,SUCCEEDED,0,1,1,cdd7411e9d1e05f0e64146ffffb4a7b3981672c8bf40c45240cba18734685de2,True
chain-running,b,c,13,10000,2026-09-07T23:44:22.423830+00:00,2026-09-07T23:44:22.696510+00:00,272.644103,194.977891,SUCCEEDED,0,1,1,edaf06b48638e36d17b0b5f43921f14360d005e279b563c6003f16a783c831cb,True
chain-running,b,c,14,10000,2026-09-07T23:44:24.600357+00:00,2026-09-07T23:44:24.913045+00:00,312.651405,239.658256,SUCCEEDED,0,1,1,27ff91aa6cdcb0473111c8e966c89318e48b1126cd05e0ae4f4283f492a495bb,True
chain-running,b,c,15,10000,2026-09-07T23:44:27.410611+00:00,2026-09-07T23:44:28.043456+00:00,632.81021,552.661995,SUCCEEDED,0,1,1,1e9122e2c5fad2df4253a99cd2ddee87108ca3d2f70742d8f706528ccee25a67,True
chain-running,b,c,16,10000,2026-09-07T23:44:29.866319+00:00,2026-09-07T23:44:30.224884+00:00,358.530798,285.384367,SUCCEEDED,0,1,1,413c59f79f997ae64f2d579ffc0db5d69d99b5cb34482b8b6c1fec4eb89e7886,True
chain-running,b,c,17,10000,2026-09-07T23:44:32.031167+00:00,2026-09-07T23:44:32.338593+00:00,307.391738,232.806599,SUCCEEDED,0,1,1,21f8b8cf30896ed27192dd8940b8f4218d6c5e42ce8169309bfdcf899f804721,True
chain-running,b,c,18,10000,2026-09-07T23:44:33.761903+00:00,2026-09-07T23:44:34.039117+00:00,277.177662,205.994429,SUCCEEDED,0,1,1,67a316f8a3317e719acb6f9af368d6cfd771db8d74c5e53c3125b8cebf499e23,True
chain-running,b,c,19,10000,2026-09-07T23:44:35.466420+00:00,2026-09-07T23:44:35.832029+00:00,365.573837,286.630387,SUCCEEDED,0,1,1,4bfc6a53cd57e937cc7c5c27888518070ec8f8bf83b7ead5ac2f2cb6b9f4e21e,True
chain-running,b,c,20,10000,2026-09-07T23:44:40.806768+00:00,2026-09-07T23:44:41.157038+00:00,350.23148,272.05545,SUCCEEDED,0,1,1,8c08e9acbcf7ce21808a11bb89ecef6a748e22c5e662a166a5f9f5c54f91fb80,True
chain-running,b,c,21,10000,2026-09-07T23:44:43.011593+00:00,2026-09-07T23:44:43.323068+00:00,311.440173,237.92794,SUCCEEDED,0,1,1,560912729c1af664299d92170969999dc79b1b4871b38868025c2d7ad9e3b925,True
chain-running,b,c,22,10000,2026-09-07T23:44:44.817748+00:00,2026-09-07T23:44:45.090832+00:00,273.049076,202.825851,SUCCEEDED,0,1,1,724c788c1df05e292e9b51f922a4c6ad3bdbf76371ec75e3213e051a2a9f1c58,True
chain-running,b,c,23,10000,2026-09-07T23:44:49.895391+00:00,2026-09-07T23:44:50.274301+00:00,378.875428,301.63057,SUCCEEDED,0,1,1,55bd032f16a8c0e7c2eee6ab9a5cf38dcbb0493a7a834f7f1c751a99e9874193,True
chain-running,b,c,24,10000,2026-09-07T23:44:52.520831+00:00,2026-09-07T23:44:52.847497+00:00,326.630877,266.602306,SUCCEEDED,0,1,1,aa3a62a648d642621c9d289a24df8f06329a33e4cf583b815ede675d87fd0f07,True
chain-running,b,c,25,10000,2026-09-07T23:44:54.756624+00:00,2026-09-07T23:44:55.200203+00:00,443.527238,369.308683,SUCCEEDED,0,1,1,455cb03a7e562a1ede09b41678d04ea07866e3979a08283156e6391cb444132a,True
chain-running,b,c,26,10000,2026-09-07T23:45:00.512034+00:00,2026-09-07T23:45:00.931397+00:00,419.328702,345.819336,SUCCEEDED,0,1,1,1d2c59e80a83545501492a7caf225c7f0a4c0699d1458b2cf3f7d0e2d4086e20,True
chain-running,b,c,27,10000,2026-09-07T23:45:03.358538+00:00,2026-09-07T23:45:03.720769+00:00,362.195642,286.079616,SUCCEEDED,0,1,1,4d9686f799e2a9885eab13a4eeccb79c717d717d28dd3202ba71f99d9054dd4c,True
chain-running,b,c,28,10000,2026-09-07T23:45:08.964049+00:00,2026-09-07T23:45:09.384117+00:00,420.033626,345.801761,SUCCEEDED,0,1,1,7c5ba652474d2c1006537cb2bb8c9301ccec2527d3a684083a2628efb9c32a00,True
chain-running,b,c,29,10000,2026-09-07T23:45:11.404612+00:00,2026-09-07T23:45:11.747890+00:00,343.243398,271.062288,SUCCEEDED,0,1,1,2c10c8ff77e24db598a4c530bd9756770340c25ffc21a242a55a36fe98a3e571,True
chain-running,b,c,30,10000,2026-09-07T23:45:13.703174+00:00,2026-09-07T23:45:14.169496+00:00,466.286087,389.147083,SUCCEEDED,0,1,1,b6e0234375c0c861b1bd4ee11cca44070d503031b92bb770cf2d7cd3c792e0b6,True
chain-running,b,a,1,10000,2026-09-07T23:45:15.827941+00:00,2026-09-07T23:45:16.164911+00:00,336.935398,266.74693,SUCCEEDED,0,1,1,9724e338da9170d40e846301c2f3544d48e1f2cf63f1e83548118e0101fac379,True
chain-running,b,a,2,10000,2026-09-07T23:45:20.166461+00:00,2026-09-07T23:45:20.567107+00:00,400.611347,329.676752,SUCCEEDED,0,1,1,2c7e877769078191f0f3b545fdf98fdd37a7c99f3b4a8ead0bf192d7a009b156,True
chain-running,b,a,3,10000,2026-09-07T23:45:21.958796+00:00,2026-09-07T23:45:22.428786+00:00,469.95528,398.637908,SUCCEEDED,0,1,1,f10b03f6d178d32741c32cc011f95640b8596ed55d69e3198c69c59d2ce47644,True
chain-running,b,a,4,10000,2026-09-07T23:45:23.993957+00:00,2026-09-07T23:45:24.470008+00:00,476.013801,402.053047,SUCCEEDED,0,1,1,c8b382d1b00d25a19837440cda507924140b87ae3c231b27b9cd84add16e8192,True
chain-running,b,a,5,10000,2026-09-07T23:45:25.840404+00:00,2026-09-07T23:45:26.261955+00:00,421.515344,347.550645,SUCCEEDED,0,1,1,38bad8a48f3e196f8f0a20a66cd5bae40f1178485b3847776c3ff108c66bf7d4,True
chain-running,b,a,6,10000,2026-09-07T23:45:30.247862+00:00,2026-09-07T23:45:30.617678+00:00,369.780916,296.221921,SUCCEEDED,0,1,1,4dbca4e1964741f9017d06ad80becdd3eaa2765791a41b11f72a603b24738168,True
chain-running,b,a,7,10000,2026-09-07T23:45:32.001545+00:00,2026-09-07T23:45:32.414866+00:00,413.286737,342.364568,SUCCEEDED,0,1,1,3c3ba89fc4d97eec8211ed92481f4d629d66c3af439797711c81e20b52b52b0a,True
chain-running,b,a,8,10000,2026-09-07T23:45:33.596230+00:00,2026-09-07T23:45:34.084997+00:00,488.731746,416.137433,SUCCEEDED,0,1,1,99fd04d4516244d0bd6ca74996c691a247f9617468441e9c3f9f73217a482e1e,True
chain-running,b,a,9,10000,2026-09-07T23:45:35.510310+00:00,2026-09-07T23:45:35.936116+00:00,425.771628,358.053356,SUCCEEDED,0,1,1,46a51bca9e95ac731b7a8d02c5fe04bc3191583c2540b02253c0d7d7c8a95553,True
chain-running,b,a,10,10000,2026-09-07T23:45:40.129079+00:00,2026-09-07T23:45:40.541036+00:00,411.921704,339.357984,SUCCEEDED,0,1,1,167d87c8a37c8f7a2668dcae4de625a6cc4950297f3dcabd25174440a4024b1e,True
chain-running,b,a,11,10000,2026-09-07T23:45:42.172746+00:00,2026-09-07T23:45:42.632770+00:00,459.984771,380.774236,SUCCEEDED,0,1,1,625f1956c94dfcd68d4dbea41ed763be5ff0216bd7254ae40b5d14e3f77488cb,True
chain-running,b,a,12,10000,2026-09-07T23:45:44.240404+00:00,2026-09-07T23:45:44.631432+00:00,390.993578,324.593266,SUCCEEDED,0,1,1,d8036c139b840ce8ee87dc0b35a80cbfe991d693bae073fce8b3826c06f00f5c,True
chain-running,b,a,13,10000,2026-09-07T23:45:45.881654+00:00,2026-09-07T23:45:46.267582+00:00,385.892481,307.224278,SUCCEEDED,0,1,1,d94494666a45b9e5978469e3e4a5d302fc7d6af6aabe2d0eca8042761b60f0ae,True
chain-running,b,a,14,10000,2026-09-07T23:45:50.340181+00:00,2026-09-07T23:45:50.742148+00:00,401.9324,334.031499,SUCCEEDED,0,1,1,bac30d998459a7809176abd6a9ad944dc38b9bdc835f78915e7cc8884ba1a113,True
chain-running,b,a,15,10000,2026-09-07T23:45:52.261314+00:00,2026-09-07T23:45:52.719863+00:00,458.514572,389.481639,SUCCEEDED,0,1,1,e9c8fdfcd365538591b42abcf1b114c19dbe1049eca80bca70eee1a6dead7a2c,True
chain-running,b,a,16,10000,2026-09-07T23:45:54.269005+00:00,2026-09-07T23:45:54.570607+00:00,301.566554,231.471956,SUCCEEDED,0,1,1,648b5ed2c85ae6656004e5ca8f4974ed95cb5c103f4403b03e8bec83a70c475f,True
chain-running,b,a,17,10000,2026-09-07T23:45:56.048403+00:00,2026-09-07T23:45:56.641560+00:00,593.122987,505.804883,SUCCEEDED,0,1,1,97ffbc48d6389a5cb59d72f752764e09cf27055246cf51271b4c9dca626c581f,True
chain-running,b,a,18,10000,2026-09-07T23:46:00.669172+00:00,2026-09-07T23:46:01.131331+00:00,462.122932,389.55823,SUCCEEDED,0,1,1,94233ab13e5f3cf1091fc0fb855fd4e0cfe098bca7b2c709c6181e1aae4c189f,True
chain-running,b,a,19,10000,2026-09-07T23:46:02.722894+00:00,2026-09-07T23:46:03.280632+00:00,557.702569,486.548456,SUCCEEDED,0,1,1,4de68a6a5cbb22da238f10860abcb1c8f9fa57efc499d5873950ec72acba2338,True
chain-running,b,a,20,10000,2026-09-07T23:46:04.896635+00:00,2026-09-07T23:46:05.380240+00:00,483.55176,411.753297,SUCCEEDED,0,1,1,3cc5593b7eed7540286ea1a37978ce3a97a2f91a3bceaad247422808115731d2,True
chain-running,b,a,21,10000,2026-09-07T23:46:09.908929+00:00,2026-09-07T23:46:10.257508+00:00,348.545458,276.502606,SUCCEEDED,0,1,1,c8914f94b2a91333194a0b692f74c7824c35408deb33a7e296579132ed91d37b,True
chain-running,b,a,22,10000,2026-09-07T23:46:11.882959+00:00,2026-09-07T23:46:12.354423+00:00,471.429166,406.188294,SUCCEEDED,0,1,1,7b5665d1986e967e697e9dd07dfd7e9dcd4e3c1f43ca968eb73a5d9e9126a211,True
chain-running,b,a,23,10000,2026-09-07T23:46:13.763913+00:00,2026-09-07T23:46:14.191831+00:00,427.881548,355.166661,SUCCEEDED,0,1,1,91140b3ada33ac79ccc189c5cbbd0155dc44a1a492fa7aececff35294977f34c,True
chain-running,b,a,24,10000,2026-09-07T23:46:15.866944+00:00,2026-09-07T23:46:16.293799+00:00,426.818865,349.142881,SUCCEEDED,0,1,1,2ef49d182c91579949cc62c2f88965a302751b72b52a0d734ba2e1dcb434ea6e,True
chain-running,b,a,25,10000,2026-09-07T23:46:17.726551+00:00,2026-09-07T23:46:18.143891+00:00,417.304226,330.733027,SUCCEEDED,0,1,1,3e1155c1a4276f1e2c76cdb96f66675067de17b3b10703b8ae106c2ddeddc2eb,True
chain-running,b,a,26,10000,2026-09-07T23:46:19.678739+00:00,2026-09-07T23:46:19.979992+00:00,301.217536,220.190099,SUCCEEDED,0,1,1,ba77768bb4889e57d423b727ae828550096e3e6587754c21d74b1862efff81af,True
chain-running,b,a,27,10000,2026-09-07T23:46:21.665063+00:00,2026-09-07T23:46:22.021542+00:00,356.444149,287.287307,SUCCEEDED,0,1,1,7fde9f0dc060ac3d579e8eff2ca9b4632f3e7b9534ce5a78b1934b408fe97215,True
chain-running,b,a,28,10000,2026-09-07T23:46:23.659646+00:00,2026-09-07T23:46:24.067326+00:00,407.644194,331.22635,SUCCEEDED,0,1,1,cc3ef82f06e38e47f1232e5b7a91042f10fe9fc31a10ebd01868ce428dd9995d,True
chain-running,b,a,29,10000,2026-09-07T23:46:25.532478+00:00,2026-09-07T23:46:25.923939+00:00,391.424773,311.618634,SUCCEEDED,0,1,1,412cd1d66ea1c82b90ad87a6587fe724ffe72f26cf53762d2666fac5d14d02cd,True
chain-running,b,a,30,10000,2026-09-07T23:46:30.143880+00:00,2026-09-07T23:46:30.651604+00:00,507.688437,443.287644,SUCCEEDED,0,1,1,c2daa3a65e6b1997509253b3984df4464e3b64523556a4232bb8b8d1a907361f,True
chain-running,a,b,1,10000,2026-09-07T23:46:32.425122+00:00,2026-09-07T23:46:32.933649+00:00,508.492977,423.826595,SUCCEEDED,0,1,1,dbec825a78dfdaa6d775229859fe9a18ebb02444e8a09b0156718717275dcece,True
chain-running,a,b,2,10000,2026-09-07T23:46:34.896284+00:00,2026-09-07T23:46:35.326179+00:00,429.86036,359.301473,SUCCEEDED,0,1,1,9c8b1f59fd96d9d579ee645114712f528ac6b822295a2688de941bea80674165,True
chain-running,a,b,3,10000,2026-09-07T23:46:39.796996+00:00,2026-09-07T23:46:40.214428+00:00,417.396329,343.975199,SUCCEEDED,0,1,1,525e1ec9282c8c8a72aaa9b0b70c02526ca6806f71c17ed7fe0b88c97502dfe5,True
chain-running,a,b,4,10000,2026-09-07T23:46:42.709314+00:00,2026-09-07T23:46:43.070350+00:00,361.001142,288.056809,SUCCEEDED,0,1,1,759c28e69038039110e9ebb3c93c1f198eae6c944138a38aeceed387eda93bb3,True
chain-running,a,b,5,10000,2026-09-07T23:46:45.437786+00:00,2026-09-07T23:46:45.747017+00:00,309.195961,236.029319,SUCCEEDED,0,1,1,d66a32fb38a3aba5b74a7113187e4e9e4183b4f71403797eb1f48fb47dc5a561,True
chain-running,a,b,6,10000,2026-09-07T23:46:50.721100+00:00,2026-09-07T23:46:51.166498+00:00,445.364253,372.454314,SUCCEEDED,0,1,1,a27bed5ea4ab94f7d7bbb08de881ffe8e6fbfd891089d75ecb4da3d845ef9b9c,True
chain-running,a,b,7,10000,2026-09-07T23:46:53.804729+00:00,2026-09-07T23:46:54.170076+00:00,365.312325,296.680206,SUCCEEDED,0,1,1,bede0977ee2f1733e9a053c58b6979cecf5f68677e849b4fb03c7d43bb1e80c8,True
chain-running,a,b,8,10000,2026-09-07T23:46:59.205794+00:00,2026-09-07T23:46:59.577397+00:00,371.567869,298.246912,SUCCEEDED,0,1,1,3effbe2751d5472ff0d42fcc663690f078e17bf89c0f9bb9429090a3e87cd4fa,True
chain-running,a,b,9,10000,2026-09-07T23:47:01.588939+00:00,2026-09-07T23:47:01.965630+00:00,376.655486,303.628566,SUCCEEDED,0,1,1,3bf8fdfef1bd6a7694a9e5d5baee54f26ae51614a1745832ef8e1fcb83228f3d,True
chain-running,a,b,10,10000,2026-09-07T23:47:03.944320+00:00,2026-09-07T23:47:04.456013+00:00,511.656796,435.839872,SUCCEEDED,0,1,1,f1d3de71473361659b99e2a62d378f493c8a6b95d593a31598c48af229769cc3,True
chain-running,a,b,11,10000,2026-09-07T23:47:06.400689+00:00,2026-09-07T23:47:06.764240+00:00,363.517341,289.925123,SUCCEEDED,0,1,1,f719528dbaa264d47ec7e5b191994fc80e184e249cb59838011b35fb47e527ff,True
chain-running,a,b,12,10000,2026-09-07T23:47:11.660990+00:00,2026-09-07T23:47:12.112679+00:00,451.653983,378.496303,SUCCEEDED,0,1,1,3165e9b67458ac15b0ea5d7709ff94428449d36e59a65d2ff5918fd17883cac0,True
chain-running,a,b,13,10000,2026-09-07T23:47:13.897809+00:00,2026-09-07T23:47:14.404225+00:00,506.380696,431.942682,SUCCEEDED,0,1,1,8ffe4ee49f1573c30566af819167afc9fa88e4898845dbf8bcf850c14b625feb,True
chain-running,a,b,14,10000,2026-09-07T23:47:19.280819+00:00,2026-09-07T23:47:19.649654+00:00,368.79868,296.100223,SUCCEEDED,0,1,1,4cba36602561484df32f3042421c2939b6020db4582c7cfc2cb4b02beecf7fdd,True
chain-running,a,b,15,10000,2026-09-07T23:47:21.521678+00:00,2026-09-07T23:47:21.876294+00:00,354.580608,281.609651,SUCCEEDED,0,1,1,30e50a65803a37713c1e068e6a477a03d568403aa74632751e90f80309b398c7,True
chain-running,a,b,16,10000,2026-09-07T23:47:23.824713+00:00,2026-09-07T23:47:24.279276+00:00,454.527079,382.324271,SUCCEEDED,0,1,1,0d77ebc96ef693d245108afc7ecfec6afda66f476de0a2c558d1bc2c410e7154,True
chain-running,a,b,17,10000,2026-09-07T23:47:26.426170+00:00,2026-09-07T23:47:26.866139+00:00,439.935081,366.559363,SUCCEEDED,0,1,1,afab61bd5fb96428dd4447b86b6199f060ff010147026b7500969d3c6ae81723,True
chain-running,a,b,18,10000,2026-09-07T23:47:31.089177+00:00,2026-09-07T23:47:31.458592+00:00,369.378662,296.576706,SUCCEEDED,0,1,1,10f2a1ddedabe8951a67aac399068f3fd8105cbf0d97a2bf2cb98dd44193ca44,True
chain-running,a,b,19,10000,2026-09-07T23:47:33.697996+00:00,2026-09-07T23:47:34.274582+00:00,576.550947,508.530236,SUCCEEDED,0,1,1,cea1e8ae2c3a210158646c10036ee7483504f670eb09a3d426e0d4e31a075799,True
chain-running,a,b,20,10000,2026-09-07T23:47:36.016671+00:00,2026-09-07T23:47:36.345717+00:00,329.010559,256.110583,SUCCEEDED,0,1,1,f9683f361efbdd7d02c79bb213e4ba0be5e04db0eea2266561cafe63214542ca,True
chain-running,a,b,21,10000,2026-09-07T23:47:41.072275+00:00,2026-09-07T23:47:41.582464+00:00,510.154405,441.541452,SUCCEEDED,0,1,1,6b26bfecbe7b9718602e8b0146788e8a6fd59afa8608894cb3f27f4173d7fe86,True
chain-running,a,b,22,10000,2026-09-07T23:47:43.973124+00:00,2026-09-07T23:47:44.258671+00:00,285.513007,212.843439,SUCCEEDED,0,1,1,5cbcef62d6174cb9244aaa43a3a16a04f6503182e939d1d6dda186fc6925870e,True
chain-running,a,b,23,10000,2026-09-07T23:47:49.254338+00:00,2026-09-07T23:47:49.753632+00:00,499.259947,430.605444,SUCCEEDED,0,1,1,2696e9c64a0c634eb04aef45e8abe62b95207b346f6f8fd70493cc27d98cab20,True
chain-running,a,b,24,10000,2026-09-07T23:47:51.765105+00:00,2026-09-07T23:47:52.141967+00:00,376.826735,303.60362,SUCCEEDED,0,1,1,ae5988656f9f26607e4feb3aa47bdb018c903aca295c85a691a730705258e0a7,True
chain-running,a,b,25,10000,2026-09-07T23:47:54.199098+00:00,2026-09-07T23:47:54.797832+00:00,598.691695,510.713085,SUCCEEDED,0,1,1,7738da32323f3b59aaf514994bbb63f8cf70694267ed22e8f0a063d39d2e31a8,True
chain-running,a,b,26,10000,2026-09-07T23:47:59.252397+00:00,2026-09-07T23:47:59.842119+00:00,589.686483,516.449164,SUCCEEDED,0,1,1,ee3a18cc2fad949456bbbc26cb56e4aa5c4d539449d69fe8f020e55c0cb1fd85,True
chain-running,a,b,27,10000,2026-09-07T23:48:01.669109+00:00,2026-09-07T23:48:02.358697+00:00,689.55338,616.86221,SUCCEEDED,0,1,1,8cab41bcd71d15aa9ec8c6230d77c167e134a02530bb6a9f6f43e207ca126944,True
chain-running,a,b,28,10000,2026-09-07T23:48:04.605122+00:00,2026-09-07T23:48:04.991762+00:00,386.605613,314.20985,SUCCEEDED,0,1,1,89cd89f63f87389c37870796b6712156ca7df9cdae4b0ac6eee2960ea42293bf,True
chain-running,a,b,29,10000,2026-09-07T23:48:09.713307+00:00,2026-09-07T23:48:10.053990+00:00,340.648632,268.155831,SUCCEEDED,0,1,1,47a23e1ebdf20826b5fb82fc47c6a6f11ef99c8046ff776d7322af50eddcd1c2,True
chain-running,a,b,30,10000,2026-09-07T23:48:11.873931+00:00,2026-09-07T23:48:12.274325+00:00,400.358661,331.094161,SUCCEEDED,0,1,1,299fa0121b223fcd9a6041158ee6c99afe9ea1a130c660812ce047a455fde2c7,True
baseline-chain-running,b,c,1,5000,2026-09-07T23:51:39.832985+00:00,2026-09-07T23:51:40.103010+00:00,269.990438,197.16047,SUCCEEDED,0,1,1,33e68a6b2af37892a8e8d83e7359cc500975abd0607b252d1e7bbecc83aa2a59,True
baseline-chain-running,b,c,2,5000,2026-09-07T23:51:41.523540+00:00,2026-09-07T23:51:41.788346+00:00,264.771413,196.337953,SUCCEEDED,0,1,1,da29b75a76867a6699cd0ceeb54031653038c389262e20efae39cb34e612742c,True
baseline-chain-running,b,c,3,5000,2026-09-07T23:51:45.934838+00:00,2026-09-07T23:51:46.207675+00:00,272.804306,202.343729,SUCCEEDED,0,1,1,49a8628403a33048a91f93f2ae85ff2590045ce64577c75b4319e1add1240412,True
baseline-chain-running,b,c,4,5000,2026-09-07T23:51:47.760397+00:00,2026-09-07T23:51:48.043007+00:00,282.576159,211.95562,SUCCEEDED,0,1,1,1e4d85b7fb495b68c66ea42e0ffc0cc8908bf69c692bd8bb32a9c76d2f31c7a6,True
baseline-chain-running,b,c,5,5000,2026-09-07T23:51:49.562822+00:00,2026-09-07T23:51:49.856173+00:00,293.315879,220.361903,SUCCEEDED,0,1,1,5055a81359dda01e76758a0e45cc32df60d6f2d6ed80916072e89b71bd4ba11e,True
baseline-chain-running,b,c,6,5000,2026-09-07T23:51:51.347332+00:00,2026-09-07T23:51:51.635948+00:00,288.580637,213.872761,SUCCEEDED,0,1,1,3a1d56fde093d8f57deddb549f15ccd4809f6f4b583680f47346e0b58f34ea5b,True
baseline-chain-running,b,c,7,5000,2026-09-07T23:51:55.808333+00:00,2026-09-07T23:51:56.089854+00:00,281.486181,208.548317,SUCCEEDED,0,1,1,ed34a57f2d7071afdeffdfaf96bbf455ccade0c402d6d65c91fb3ed16322ad09,True
baseline-chain-running,b,c,8,5000,2026-09-07T23:51:57.537112+00:00,2026-09-07T23:51:57.848446+00:00,311.299462,238.723726,SUCCEEDED,0,1,1,a45e7d84b3fef0006ea1af93af340c75d2927a23b6de24697ee6ed5538ff759a,True
baseline-chain-running,b,c,9,5000,2026-09-07T23:51:59.322930+00:00,2026-09-07T23:51:59.609063+00:00,286.09822,209.73735,SUCCEEDED,0,1,1,4ff07734a185ba939d34403b0ec13a5a59f1391dddd8f10e0fcb94ab0c423977,True
baseline-chain-running,b,c,10,5000,2026-09-07T23:52:01.168436+00:00,2026-09-07T23:52:01.477813+00:00,309.341051,232.402247,SUCCEEDED,0,1,1,a6512223727bce88c123ce889e1db53f268543e8fb12e148f3bc13e08f7ce6e6,True
baseline-chain-running,b,c,11,5000,2026-09-07T23:52:05.648610+00:00,2026-09-07T23:52:05.952577+00:00,303.931938,228.189907,SUCCEEDED,0,1,1,1ad7c998b7323a1eab61f1c06284aeb5686c5653daa2977c37925162aee74291,True
baseline-chain-running,b,c,12,5000,2026-09-07T23:52:07.434747+00:00,2026-09-07T23:52:07.739935+00:00,305.153157,222.455515,SUCCEEDED,0,1,1,5d8b2759f20eca8d9cea28cf7a2bd4bfd95e1c2481e7dc87cfc42bb03ef81a59,True
baseline-chain-running,b,c,13,5000,2026-09-07T23:52:09.300345+00:00,2026-09-07T23:52:09.580536+00:00,280.1558,206.112097,SUCCEEDED,0,1,1,dec30c016e2a9a296b648bd8276d05c5553da75b61e786404d6bb5ab1c269c38,True
baseline-chain-running,b,c,14,5000,2026-09-07T23:52:11.011646+00:00,2026-09-07T23:52:11.330798+00:00,319.116303,245.460581,SUCCEEDED,0,1,1,5b5472ee2d66fe18babcb23b7f6d2d362dd2f94484a1061d79b7b9512670b9fa,True
baseline-chain-running,b,c,15,5000,2026-09-07T23:52:15.531556+00:00,2026-09-07T23:52:16.097288+00:00,565.696567,410.072997,SUCCEEDED,0,1,1,d9b743bb07b79fafc926837ad39d193961605ec07293da2793d4ff2170115312,True
baseline-chain-running,b,c,16,5000,2026-09-07T23:52:17.591919+00:00,2026-09-07T23:52:18.095760+00:00,503.805812,393.193617,SUCCEEDED,0,1,1,3977d66824666115540a8e91bbc668b3c774b44e3ca2e4c328d171ff3a89c978,True
baseline-chain-running,b,c,17,5000,2026-09-07T23:52:19.527061+00:00,2026-09-07T23:52:19.799145+00:00,272.048529,200.556935,SUCCEEDED,0,1,1,5792fe6f5524fa3e5d3ef61b70c69e6fe57c72ef4bffef94d02ac1c8f2fee897,True
baseline-chain-running,b,c,18,5000,2026-09-07T23:52:21.294865+00:00,2026-09-07T23:52:21.563488+00:00,268.587854,196.439171,SUCCEEDED,0,1,1,1053a62ad787f034507553b4730fefe807e8610bb5dc0386c54a9c33eb42f379,True
baseline-chain-running,b,c,19,5000,2026-09-07T23:52:25.731139+00:00,2026-09-07T23:52:25.993894+00:00,262.721114,188.989397,SUCCEEDED,0,1,1,e5c43fbb3c123ae410ebd94e6c843ce9b0302c118df44ca6196c3c531f6a2e77,True
baseline-chain-running,b,c,20,5000,2026-09-07T23:52:27.537433+00:00,2026-09-07T23:52:27.805226+00:00,267.758598,192.687015,SUCCEEDED,0,1,1,965ffadb2e6a15521874a2225364daefaa483895689c69f553a0b75be63c1125,True
baseline-chain-running,b,c,21,5000,2026-09-07T23:52:29.302468+00:00,2026-09-07T23:52:29.569163+00:00,266.658842,197.919054,SUCCEEDED,0,1,1,eea1d422241c4cf013a87d2e91dcf7936375458a067311cc4c5217c1dba8987b,True
baseline-chain-running,b,c,22,5000,2026-09-07T23:52:31.036214+00:00,2026-09-07T23:52:31.333858+00:00,297.609283,218.290269,SUCCEEDED,0,1,1,d1ca4f7f9161874ad4a62b3964cec764f5e8bfb33b71e5af16798ad9a7744c08,True
baseline-chain-running,b,c,23,5000,2026-09-07T23:52:35.458586+00:00,2026-09-07T23:52:35.775683+00:00,317.062193,242.386421,SUCCEEDED,0,1,1,518474d4bfa9bc33a31066406985c3d2f10a7de5f32b5ede54a51396750626cf,True
baseline-chain-running,b,c,24,5000,2026-09-07T23:52:37.265306+00:00,2026-09-07T23:52:37.550598+00:00,285.25657,209.397615,SUCCEEDED,0,1,1,ae47d140f114cad3a2750aa2bcaae5406298f1e336d58668f7a82e79ace51a07,True
baseline-chain-running,b,c,25,5000,2026-09-07T23:52:38.984471+00:00,2026-09-07T23:52:39.264323+00:00,279.816011,201.539784,SUCCEEDED,0,1,1,117bb677ff8539649ba3892fa3df827532b92d7f1d55c565db1f9fef97a28ba3,True
baseline-chain-running,b,c,26,5000,2026-09-07T23:52:40.718223+00:00,2026-09-07T23:52:41.070766+00:00,352.507066,271.349402,SUCCEEDED,0,1,1,e79e17281e020ec8f634af30a8fae3f3fec766ed3c41facedb9f6aad871179ef,True
baseline-chain-running,b,c,27,5000,2026-09-07T23:52:47.304811+00:00,2026-09-07T23:52:47.760842+00:00,455.994895,376.882356,SUCCEEDED,0,1,1,05bcf5f8418643a886029486ac520753e853d451d00e10a9fabefa3b61961ddb,True
baseline-chain-running,b,c,28,5000,2026-09-07T23:52:49.289471+00:00,2026-09-07T23:52:49.593915+00:00,304.409021,225.137076,SUCCEEDED,0,1,1,5473f776de60b115970e7f85fe8023cee875b5c13d495091a502e86071da8b35,True
baseline-chain-running,b,c,29,5000,2026-09-07T23:52:51.030794+00:00,2026-09-07T23:52:51.348235+00:00,317.405431,243.926452,SUCCEEDED,0,1,1,803feb0aaf0902be95d7da89507a5ee553046fcbcf2d776acaa9d4a380d0aeef,True
baseline-chain-running,b,c,30,5000,2026-09-07T23:52:55.612221+00:00,2026-09-07T23:52:56.155061+00:00,542.803764,477.033099,SUCCEEDED,0,1,1,28bf4ed58a4b767bac0800b6c91e1c7a7cff4d86c0755aeaba1df78f85dc407c,True
chain-stopped,b,c,1,5000,2026-09-07T23:52:59.208255+00:00,2026-09-07T23:52:59.495938+00:00,287.648914,217.129335,SUCCEEDED,0,1,1,881aff5c1b49cb1add5d1fedc63c43dcd5aab3157705bed7d403e1e23ad10999,True
chain-stopped,b,c,2,5000,2026-09-07T23:53:01.842238+00:00,2026-09-07T23:53:02.215495+00:00,373.221567,299.078182,SUCCEEDED,0,1,1,678857ba1afb0b7aec45042f7aac357c25cf7e6a4c1ad35920e134c3b9465686,True
chain-stopped,b,c,3,5000,2026-09-07T23:53:05.049545+00:00,2026-09-07T23:53:05.480964+00:00,431.384215,355.562446,SUCCEEDED,0,1,1,4227445b4105d7fafbf9bbe8d70cf61c1ee0ac973e545828da4f8f6914bd59bf,True
chain-stopped,b,c,4,5000,2026-09-07T23:53:08.352800+00:00,2026-09-07T23:53:08.656375+00:00,303.539967,219.962254,SUCCEEDED,0,1,1,9fc8a3a5a027549bbb39d34f3d7a9b9fe612e635ad23a18071d560d0645d6c19,True
chain-stopped,b,c,5,5000,2026-09-07T23:53:10.118180+00:00,2026-09-07T23:53:10.405745+00:00,287.53086,213.081235,SUCCEEDED,0,1,1,3e53051b4a91cd46e0b7c43f982d0c2eab2296dd99604eeb927ae4a050525697,True
chain-stopped,b,c,6,5000,2026-09-07T23:53:11.869152+00:00,2026-09-07T23:53:12.135718+00:00,266.531228,195.055781,SUCCEEDED,0,1,1,119ca3139f956bdf2bb02281607a63623b90c5d7b42e7c15262d21ff4a4ceb8b,True
chain-stopped,b,c,7,5000,2026-09-07T23:53:16.341560+00:00,2026-09-07T23:53:16.649936+00:00,308.340325,231.749002,SUCCEEDED,0,1,1,96c2481031557f47e885d5259d342b3cd7b184c5d3ea523cb4dea3ef4178fccf,True
chain-stopped,b,c,8,5000,2026-09-07T23:53:18.091229+00:00,2026-09-07T23:53:18.380448+00:00,289.185244,211.224405,SUCCEEDED,0,1,1,4b3f18124d3af5ae608e2907eeb27d87dcdc56977f7b67c79d3a545b418ab515,True
chain-stopped,b,c,9,5000,2026-09-07T23:53:19.812617+00:00,2026-09-07T23:53:20.100561+00:00,287.908414,210.654314,SUCCEEDED,0,1,1,659f64e6e03a7ef07063afe88151d5ccdd8692475595a50b563f304b75507288,True
chain-stopped,b,c,10,5000,2026-09-07T23:53:21.579432+00:00,2026-09-07T23:53:21.842675+00:00,263.207743,187.796006,SUCCEEDED,0,1,1,965df5d047e7e2f1153e8be4a35bf1b810053575648e56b47fa7f292c7591a7e,True
chain-stopped,b,c,11,5000,2026-09-07T23:53:25.949563+00:00,2026-09-07T23:53:26.223196+00:00,273.599037,198.380604,SUCCEEDED,0,1,1,d0e4f6ae027fd072a440bc778e2d8cb2faeea38cad125df875fd8f1edf53b13c,True
chain-stopped,b,c,12,5000,2026-09-07T23:53:27.715597+00:00,2026-09-07T23:53:28.008050+00:00,292.418085,210.881741,SUCCEEDED,0,1,1,bdd920a2baf0428f070038e7b5695b5e231a5629b34c60d02ba8f9c8de21b7fa,True
chain-stopped,b,c,13,5000,2026-09-07T23:53:29.443592+00:00,2026-09-07T23:53:29.727124+00:00,283.497217,211.113962,SUCCEEDED,0,1,1,624809fc964980bdf98f665ae0b986e07322021139daac9f9669996923f47ee0,True
chain-stopped,b,c,14,5000,2026-09-07T23:53:31.210811+00:00,2026-09-07T23:53:31.499046+00:00,288.200187,211.393981,SUCCEEDED,0,1,1,c4c734af7d78748d115bd9398e84515d0e321ae5e22f03ea138bb32b3722d846,True
chain-stopped,b,c,15,5000,2026-09-07T23:53:35.658382+00:00,2026-09-07T23:53:35.942405+00:00,283.987827,209.177097,SUCCEEDED,0,1,1,441538a8642ca931ca199c9bef1f661a0812fd097c90b93d876e4140835a625f,True
chain-stopped,b,c,16,5000,2026-09-07T23:53:37.354605+00:00,2026-09-07T23:53:37.647050+00:00,292.410585,218.434297,SUCCEEDED,0,1,1,b437c93f992adb5d807bda7cd1ea0fcc7d722dfa603218813c346308aa99a557,True
chain-stopped,b,c,17,5000,2026-09-07T23:53:39.122973+00:00,2026-09-07T23:53:39.691421+00:00,568.413208,417.997528,SUCCEEDED,0,1,1,a9cb49cfa33528416ddd86f72f701e2a08c1b55ff73c3fee8e05f3c5420a91d4,True
chain-stopped,b,c,18,5000,2026-09-07T23:53:41.175670+00:00,2026-09-07T23:53:41.450018+00:00,274.313035,201.842595,SUCCEEDED,0,1,1,a73de3c936e631905ee68c69fc7d51de65cf5173a3fa31fd41a821bc90a470ee,True
chain-stopped,b,c,19,5000,2026-09-07T23:53:45.573824+00:00,2026-09-07T23:53:45.871016+00:00,297.156833,216.402413,SUCCEEDED,0,1,1,17f4df89db59fc042e2d9af912adfc842d97569066df7afbcd734bf67d9e11a5,True
chain-stopped,b,c,20,5000,2026-09-07T23:53:47.398014+00:00,2026-09-07T23:53:47.697982+00:00,299.933104,225.112022,SUCCEEDED,0,1,1,9a296ed04c95a96cdfb7ea91e3bdb44061b2ed1f8f54e5d1d639f19bb02b01ec,True
chain-stopped,b,c,21,5000,2026-09-07T23:53:49.163839+00:00,2026-09-07T23:53:49.460217+00:00,296.343649,215.572489,SUCCEEDED,0,1,1,9ee437dfc59d2d3e3a4163d39f811a5793a8051d27a64d8134f349dfc41badae,True
chain-stopped,b,c,22,5000,2026-09-07T23:53:50.903852+00:00,2026-09-07T23:53:51.184044+00:00,280.15778,206.14853,SUCCEEDED,0,1,1,ecb1bbe95af3f9619ab35227b9527282408af1f6c8a46dad43b4b5150eda92bd,True
chain-stopped,b,c,23,5000,2026-09-07T23:53:55.377085+00:00,2026-09-07T23:53:55.651825+00:00,274.705186,201.239808,SUCCEEDED,0,1,1,b1a9ffd268ac7d9ddebacebbd48795391349e992e95a0a797fdfa0f56ec1b52e,True
chain-stopped,b,c,24,5000,2026-09-07T23:53:57.145122+00:00,2026-09-07T23:53:57.438983+00:00,293.825107,209.621133,SUCCEEDED,0,1,1,30eba72a5bfa8bf8f57e8a2540192e3bb5b80b03afbb24ed74a6df9d2bd580d2,True
chain-stopped,b,c,25,5000,2026-09-07T23:53:58.944237+00:00,2026-09-07T23:53:59.228631+00:00,284.35936,209.956539,SUCCEEDED,0,1,1,b7b086ed5994e81263d881cc39c5988ffea13ec58611455eaecd8fdaf1e77638,True
chain-stopped,b,c,26,5000,2026-09-07T23:54:00.782063+00:00,2026-09-07T23:54:01.085578+00:00,303.475558,222.085352,SUCCEEDED,0,1,1,cfa568d6454c4ccabef1141197bd9562139bd875c65fb3a9a55481493acac22d,True
chain-stopped,b,c,27,5000,2026-09-07T23:54:02.524120+00:00,2026-09-07T23:54:02.822924+00:00,298.769276,219.046474,SUCCEEDED,0,1,1,80020b216c39749ae5f0caa0817cbc242e06e091d89e760854fb9d4649465201,True
chain-stopped,b,c,28,5000,2026-09-07T23:54:07.020944+00:00,2026-09-07T23:54:07.293089+00:00,272.10962,196.948044,SUCCEEDED,0,1,1,fbced40393bef259b643e8a59d16bf2fae20f6ca43d50339b1f7f561a9ea422e,True
chain-stopped,b,c,29,5000,2026-09-07T23:54:08.742795+00:00,2026-09-07T23:54:09.075134+00:00,332.303615,254.838175,SUCCEEDED,0,1,1,897b92d2d06b5336d86746b98eb02beb90ed5704d80f50419dbb7a5cc32dbb00,True
chain-stopped,b,c,30,5000,2026-09-07T23:54:10.508714+00:00,2026-09-07T23:54:10.797603+00:00,288.8544,212.863771,SUCCEEDED,0,1,1,11a96418e70c5e7867f81c8dc3dd82c11074f981f99b5c69a907414fcb42b8b2,True
post-reboot-functional-check,b,c,1,1000,2026-09-08T00:12:11.665535+00:00,2026-09-08T00:12:11.996927+00:00,331.357716,239.286665,SUCCEEDED,0,1,1,00cd3ada9afe9461143fd063d783c74d15ce3756ef2a828a979c0e9cda7c228a,True
